generation,snw_dth,snw_att,snw_pmf,snw_amf,sl0_dth,sl0_pwp,sl0_fcy,sl0_bt0,urr_dth,lrr_dth,urr_wsr,urr_ulc,urr_tdh,urr_tdr,urr_ndr,urr_uct,lrr_dre,lrr_lct,best_ofv,best_nse
0,0.0,2.1965849893779867,2.205140975357258,2.889087564685781,44.05109635537609,407.7625442022188,200.1491220200909,0.7286546623757078,12.28534156483118,5.0077366931306955,0.924625648363581,0.963876538193608,155.175786774032,0.6142858455482619,0.057917318371824456,0.177429746673049,0.0029827670878386225,0.44457797256761006,26.746226838034197,-25.746226838034197
1,0.0,2.1965849893779867,2.205140975357258,2.889087564685781,44.05109635537609,407.7625442022188,200.1491220200909,0.7286546623757078,12.28534156483118,5.0077366931306955,0.924625648363581,0.963876538193608,155.175786774032,0.6142858455482619,0.057917318371824456,0.177429746673049,0.0029827670878386225,0.44457797256761006,67.68187752712802,-66.68187752712802
2,0.0,0.2543397203418747,2.1433945687780462,4.582376928830522,48.656226211626134,501.967328540582,237.38409275197705,2.5990683094665314,14.638986441508967,4.439671304407845,0.7828561449536857,0.8565110479630206,162.6007857727592,0.08444957274633363,0.0446264779652244,0.29853712401124716,0.02703031168946607,0.6546118374294883,9.848976916329416,-8.848976916329416
3,0.0,-0.5021462244922907,1.0750624450046946,1.0124376197755898,57.62066650052697,313.16786039503813,180.85019511632944,0.323540664662576,7.6948159474716675,0.22404730736960232,0.934661364767308,0.6981689098878341,143.00361185961538,0.26765595499251016,0.08721040091895471,0.12092293874020771,0.00924171334029239,0.7945385891557194,4.5075604199620924,-3.5075604199620924
4,0.0,-0.5021462244922907,1.0750624450046946,1.0124376197755898,57.62066650052697,313.16786039503813,180.85019511632944,0.323540664662576,7.6948159474716675,0.22404730736960232,0.934661364767308,0.6981689098878341,143.00361185961538,0.26765595499251016,0.08721040091895471,0.12092293874020771,0.00924171334029239,0.7945385891557194,44.459018727969166,-43.459018727969166
5,0.0,0.021341037336934765,1.0549108282866684,2.474394072635212,52.35026738220413,267.56216123029384,279.8036655404369,6.370748117178653,3.0321023490689676,2.802469721770663,0.3525912943560229,0.45194565527586794,149.2471107406951,0.5503824385254095,0.06030973967261716,0.2962001345950068,0.13192220842346847,0.3845834201811292,14.789958471275886,-13.789958471275886
6,0.0,-1.2228836327576387,1.5222519910039982,2.1383940870965152,60.71301133419409,292.7494393857961,205.9707420843024,7.123055092224833,5.84566686453531,0.7014203760141271,0.8542588798401173,0.7239293700965823,122.43338393744125,0.2669359117420572,0.04376803909219462,0.7652464863341246,0.02504598971151456,0.15332155822572419,2.2181987748363348,-1.2181987748363348
7,0.0,2.6673595475654044,0.7407066570487617,0.5856221751056552,87.83535757855702,157.34261302292407,427.8053671645692,1.846670240610992,0.5180869513819424,0.44239412298551173,0.9120503343200147,0.7497997394109815,157.73842768804263,0.19675076221889892,0.2897740301812759,0.9236866488481332,0.011577392651738516,0.5623155676150028,20.85238477743826,-19.85238477743826
8,0.0,2.6673595475654044,0.7407066570487617,0.5856221751056552,87.83535757855702,157.34261302292407,427.8053671645692,1.846670240610992,0.5180869513819424,0.44239412298551173,0.9120503343200147,0.7497997394109815,157.73842768804263,0.19675076221889892,0.2897740301812759,0.9236866488481332,0.011577392651738516,0.5623155676150028,1.994514059416275,-0.9945140594162749
9,0.0,2.7575163669458314,0.01446229729029258,0.34241806988744816,83.80195688641084,196.0102635534735,259.2062498859335,1.9851378641105928,0.6253088594725789,19.774450781507426,0.6962197787218662,0.5987526932632009,153.85895648564542,0.11530907765178722,0.2390551417785493,0.5102581552025454,0.004280143000953973,0.14908459934883306,2.087200242374011,-1.0872002423740108
10,0.0,2.7575163669458314,0.01446229729029258,0.34241806988744816,83.80195688641084,196.0102635534735,259.2062498859335,1.9851378641105928,0.6253088594725789,19.774450781507426,0.6962197787218662,0.5987526932632009,153.85895648564542,0.11530907765178722,0.2390551417785493,0.5102581552025454,0.004280143000953973,0.14908459934883306,2.011306099796002,-1.011306099796002
11,0.0,2.7575163669458314,0.01446229729029258,0.34241806988744816,83.80195688641084,196.0102635534735,259.2062498859335,1.9851378641105928,0.6253088594725789,19.774450781507426,0.6962197787218662,0.5987526932632009,153.85895648564542,0.11530907765178722,0.2390551417785493,0.5102581552025454,0.004280143000953973,0.14908459934883306,2.167154177913507,-1.167154177913507
12,0.0,1.2788302890859748,0.1626871278185078,1.8658905770647962,48.45492321043018,191.08718071606424,185.74393563542228,0.5792328811417615,9.201129109383647,20.036772088147757,0.6181044118170909,0.4557243643472478,164.47576216396192,0.05337707271604342,0.03109495854021993,0.12683923959115,0.009868301447779393,0.01305802515524318,4.9717025988364565,-3.9717025988364565
13,0.0,1.2788302890859748,0.1626871278185078,1.8658905770647962,48.45492321043018,191.08718071606424,185.74393563542228,0.5792328811417615,9.201129109383647,20.036772088147757,0.6181044118170909,0.4557243643472478,164.47576216396192,0.05337707271604342,0.03109495854021993,0.12683923959115,0.009868301447779393,0.01305802515524318,1.7898941465979294,-0.7898941465979294
14,0.0,1.2788302890859748,0.1626871278185078,1.8658905770647962,48.45492321043018,191.08718071606424,185.74393563542228,0.5792328811417615,9.201129109383647,20.036772088147757,0.6181044118170909,0.4557243643472478,164.47576216396192,0.05337707271604342,0.03109495854021993,0.12683923959115,0.009868301447779393,0.01305802515524318,6.912375383011837,-5.912375383011837
15,0.0,1.2788302890859748,0.1626871278185078,1.8658905770647962,48.45492321043018,191.08718071606424,185.74393563542228,0.5792328811417615,9.201129109383647,20.036772088147757,0.6181044118170909,0.4557243643472478,164.47576216396192,0.05337707271604342,0.03109495854021993,0.12683923959115,0.009868301447779393,0.01305802515524318,13.072692933725024,-12.072692933725024
16,0.0,1.2788302890859748,0.1626871278185078,1.8658905770647962,48.45492321043018,191.08718071606424,185.74393563542228,0.5792328811417615,9.201129109383647,20.036772088147757,0.6181044118170909,0.4557243643472478,164.47576216396192,0.05337707271604342,0.03109495854021993,0.12683923959115,0.009868301447779393,0.01305802515524318,1.9797328911383942,-0.9797328911383942
17,0.0,0.5483517089208624,1.5483131898450133,2.2114149363179063,33.285452871903566,290.5407969193724,170.9966141416765,3.3737910374268854,9.23170219567867,16.351914816079763,0.614270990900641,0.5172160082290252,165.0926941431876,0.2790575020051323,0.02926294313085237,0.10413414544562793,0.020885077089841053,0.010759698699386644,1.7187878849201814,-0.7187878849201814
18,0.0,0.5483517089208624,1.5483131898450133,2.2114149363179063,33.285452871903566,290.5407969193724,170.9966141416765,3.3737910374268854,9.23170219567867,16.351914816079763,0.614270990900641,0.5172160082290252,165.0926941431876,0.2790575020051323,0.02926294313085237,0.10413414544562793,0.020885077089841053,0.010759698699386644,2.9270821098283277,-1.9270821098283277
19,0.0,-0.053722487271690045,1.2068233393573633,0.6802171498117939,39.09190199807462,247.2022032645982,217.80312106833932,3.529206530158268,3.807218880788888,6.47602113699125,0.5334023416781472,0.7915128753015277,187.01177519009156,0.23268897426596558,0.09407299735725583,0.4761613541365477,0.015493236931305387,0.009876020872845337,25.011304483388813,-24.011304483388813
20,0.0,-0.053722487271690045,1.2068233393573633,0.6802171498117939,39.09190199807462,247.2022032645982,217.80312106833932,3.529206530158268,3.807218880788888,6.47602113699125,0.5334023416781472,0.7915128753015277,187.01177519009156,0.23268897426596558,0.09407299735725583,0.4761613541365477,0.015493236931305387,0.009876020872845337,3.3432274445027956,-2.3432274445027956
21,0.0,-0.053722487271690045,1.2068233393573633,0.6802171498117939,39.09190199807462,247.2022032645982,217.80312106833932,3.529206530158268,3.807218880788888,6.47602113699125,0.5334023416781472,0.7915128753015277,187.01177519009156,0.23268897426596558,0.09407299735725583,0.4761613541365477,0.015493236931305387,0.009876020872845337,8.922768969034834,-7.922768969034834
22,0.0,-0.3125418232120746,2.2130568121131393,1.3018918701638853,57.65462078861185,286.35758399623177,166.8290939010475,1.2333677216759984,1.1615379846857277,28.871220446978462,0.8240455185638029,0.8241838928723982,174.57750818227157,0.14606699617079205,0.10416147672969744,0.17366184189873762,0.004543170683033837,0.001742143954866715,2.2584356429260874,-1.2584356429260874
23,0.0,-0.3125418232120746,2.2130568121131393,1.3018918701638853,57.65462078861185,286.35758399623177,166.8290939010475,1.2333677216759984,1.1615379846857277,28.871220446978462,0.8240455185638029,0.8241838928723982,174.57750818227157,0.14606699617079205,0.10416147672969744,0.17366184189873762,0.004543170683033837,0.001742143954866715,9.491105010683777,-8.491105010683777
24,0.0,-0.3125418232120746,2.2130568121131393,1.3018918701638853,57.65462078861185,286.35758399623177,166.8290939010475,1.2333677216759984,1.1615379846857277,28.871220446978462,0.8240455185638029,0.8241838928723982,174.57750818227157,0.14606699617079205,0.10416147672969744,0.17366184189873762,0.004543170683033837,0.001742143954866715,24.242471893798953,-23.242471893798953
25,0.0,1.988511836735621,0.8302406799125885,1.0562322390666545,90.7156685659305,346.3047128210753,200.4314097277527,1.5363763200243885,1.339731325624797,20.531922704863746,0.6443251723875616,0.6719280666675973,154.71749329837354,0.18193593986249046,0.007565017387808071,0.29483315136508315,0.006020924096707125,0.006356435278686623,1.696976413232582,-0.696976413232582
26,0.0,1.988511836735621,0.8302406799125885,1.0562322390666545,90.7156685659305,346.3047128210753,200.4314097277527,1.5363763200243885,1.339731325624797,20.531922704863746,0.6443251723875616,0.6719280666675973,154.71749329837354,0.18193593986249046,0.007565017387808071,0.29483315136508315,0.006020924096707125,0.006356435278686623,2.0477094256602726,-1.0477094256602726
27,0.0,1.988511836735621,0.8302406799125885,1.0562322390666545,90.7156685659305,346.3047128210753,200.4314097277527,1.5363763200243885,1.339731325624797,20.531922704863746,0.6443251723875616,0.6719280666675973,154.71749329837354,0.18193593986249046,0.007565017387808071,0.29483315136508315,0.006020924096707125,0.006356435278686623,50.21548662360759,-49.21548662360759
28,0.0,2.383657492065947,0.8993640556077032,0.5061875472888113,73.77941085491503,434.92269806565764,202.56132599253215,2.0690925785065377,0.4970515917073062,5.724928789677158,0.5608164275754312,0.5618357668570426,164.99786836929286,0.6169963991044152,0.05918073821569375,0.2796685428013366,0.008572959641148237,0.005361918626280937,1.7185488818624912,-0.7185488818624912
29,0.0,2.383657492065947,0.8993640556077032,0.5061875472888113,73.77941085491503,434.92269806565764,202.56132599253215,2.0690925785065377,0.4970515917073062,5.724928789677158,0.5608164275754312,0.5618357668570426,164.99786836929286,0.6169963991044152,0.05918073821569375,0.2796685428013366,0.008572959641148237,0.005361918626280937,1.7038250265689412,-0.7038250265689412
30,0.0,2.383657492065947,0.8993640556077032,0.5061875472888113,73.77941085491503,434.92269806565764,202.56132599253215,2.0690925785065377,0.4970515917073062,5.724928789677158,0.5608164275754312,0.5618357668570426,164.99786836929286,0.6169963991044152,0.05918073821569375,0.2796685428013366,0.008572959641148237,0.005361918626280937,1.0021400128765017,-0.0021400128765016735
31,0.0,2.383657492065947,0.8993640556077032,0.5061875472888113,73.77941085491503,434.92269806565764,202.56132599253215,2.0690925785065377,0.4970515917073062,5.724928789677158,0.5608164275754312,0.5618357668570426,164.99786836929286,0.6169963991044152,0.05918073821569375,0.2796685428013366,0.008572959641148237,0.005361918626280937,1.6186963918872557,-0.6186963918872557
32,0.0,2.383657492065947,0.8993640556077032,0.5061875472888113,73.77941085491503,434.92269806565764,202.56132599253215,2.0690925785065377,0.4970515917073062,5.724928789677158,0.5608164275754312,0.5618357668570426,164.99786836929286,0.6169963991044152,0.05918073821569375,0.2796685428013366,0.008572959641148237,0.005361918626280937,1.7119519570795267,-0.7119519570795267
33,0.0,2.383657492065947,0.8993640556077032,0.5061875472888113,73.77941085491503,434.92269806565764,202.56132599253215,2.0690925785065377,0.4970515917073062,5.724928789677158,0.5608164275754312,0.5618357668570426,164.99786836929286,0.6169963991044152,0.05918073821569375,0.2796685428013366,0.008572959641148237,0.005361918626280937,1.7370089005271938,-0.7370089005271938
34,0.0,2.383657492065947,0.8993640556077032,0.5061875472888113,73.77941085491503,434.92269806565764,202.56132599253215,2.0690925785065377,0.4970515917073062,5.724928789677158,0.5608164275754312,0.5618357668570426,164.99786836929286,0.6169963991044152,0.05918073821569375,0.2796685428013366,0.008572959641148237,0.005361918626280937,1.5753490602918316,-0.5753490602918316
35,0.0,1.5346665992533088,0.1796637512672734,0.2832760979073976,69.86680896861193,611.5962887002961,240.72404611783486,1.3241329155027395,6.246841022134521,12.17105680700216,0.7044384837117833,0.5092396381632701,161.39701017440592,0.806980483913152,0.02166584011121031,0.11346881157959915,0.016531696191745104,0.00436174283069235,2.363988566409827,-1.363988566409827
36,0.0,1.5346665992533088,0.1796637512672734,0.2832760979073976,69.86680896861193,611.5962887002961,240.72404611783486,1.3241329155027395,6.246841022134521,12.17105680700216,0.7044384837117833,0.5092396381632701,161.39701017440592,0.806980483913152,0.02166584011121031,0.11346881157959915,0.016531696191745104,0.00436174283069235,3.079249883413049,-2.079249883413049
37,0.0,1.9723203345878921,0.2706766597176613,0.8061681123191118,61.42109625602802,698.9262396804434,160.60794447010582,0.5493574838053643,18.38999680197486,15.556122566955551,0.5332711822948493,0.6160153820266607,161.60467720748028,0.5432370384787589,0.01709034574435936,0.006993765898487603,0.004872424079322202,0.0024901455797737837,1.1143695267381837,-0.11436952673818368
38,0.0,1.9723203345878921,0.2706766597176613,0.8061681123191118,61.42109625602802,698.9262396804434,160.60794447010582,0.5493574838053643,18.38999680197486,15.556122566955551,0.5332711822948493,0.6160153820266607,161.60467720748028,0.5432370384787589,0.01709034574435936,0.006993765898487603,0.004872424079322202,0.0024901455797737837,1.751558588432127,-0.751558588432127
39,0.0,1.9723203345878921,0.2706766597176613,0.8061681123191118,61.42109625602802,698.9262396804434,160.60794447010582,0.5493574838053643,18.38999680197486,15.556122566955551,0.5332711822948493,0.6160153820266607,161.60467720748028,0.5432370384787589,0.01709034574435936,0.006993765898487603,0.004872424079322202,0.0024901455797737837,1.501380030861938,-0.501380030861938
40,0.0,1.9723203345878921,0.2706766597176613,0.8061681123191118,61.42109625602802,698.9262396804434,160.60794447010582,0.5493574838053643,18.38999680197486,15.556122566955551,0.5332711822948493,0.6160153820266607,161.60467720748028,0.5432370384787589,0.01709034574435936,0.006993765898487603,0.004872424079322202,0.0024901455797737837,0.9873261372942751,0.012673862705724903
41,0.0,1.9723203345878921,0.2706766597176613,0.8061681123191118,61.42109625602802,698.9262396804434,160.60794447010582,0.5493574838053643,18.38999680197486,15.556122566955551,0.5332711822948493,0.6160153820266607,161.60467720748028,0.5432370384787589,0.01709034574435936,0.006993765898487603,0.004872424079322202,0.0024901455797737837,35.71814386377023,-34.71814386377023
42,0.0,1.9723203345878921,0.2706766597176613,0.8061681123191118,61.42109625602802,698.9262396804434,160.60794447010582,0.5493574838053643,18.38999680197486,15.556122566955551,0.5332711822948493,0.6160153820266607,161.60467720748028,0.5432370384787589,0.01709034574435936,0.006993765898487603,0.004872424079322202,0.0024901455797737837,0.965843295729801,0.03415670427019901
43,0.0,1.9723203345878921,0.2706766597176613,0.8061681123191118,61.42109625602802,698.9262396804434,160.60794447010582,0.5493574838053643,18.38999680197486,15.556122566955551,0.5332711822948493,0.6160153820266607,161.60467720748028,0.5432370384787589,0.01709034574435936,0.006993765898487603,0.004872424079322202,0.0024901455797737837,1.797674199631009,-0.797674199631009
44,0.0,1.9723203345878921,0.2706766597176613,0.8061681123191118,61.42109625602802,698.9262396804434,160.60794447010582,0.5493574838053643,18.38999680197486,15.556122566955551,0.5332711822948493,0.6160153820266607,161.60467720748028,0.5432370384787589,0.01709034574435936,0.006993765898487603,0.004872424079322202,0.0024901455797737837,1.3804268677032785,-0.3804268677032785
45,0.0,1.9723203345878921,0.2706766597176613,0.8061681123191118,61.42109625602802,698.9262396804434,160.60794447010582,0.5493574838053643,18.38999680197486,15.556122566955551,0.5332711822948493,0.6160153820266607,161.60467720748028,0.5432370384787589,0.01709034574435936,0.006993765898487603,0.004872424079322202,0.0024901455797737837,1.111848168292039,-0.11184816829203892
46,0.0,1.9723203345878921,0.2706766597176613,0.8061681123191118,61.42109625602802,698.9262396804434,160.60794447010582,0.5493574838053643,18.38999680197486,15.556122566955551,0.5332711822948493,0.6160153820266607,161.60467720748028,0.5432370384787589,0.01709034574435936,0.006993765898487603,0.004872424079322202,0.0024901455797737837,1.3054686190909153,-0.30546861909091527
47,0.0,2.4680309831036964,0.5030002812386496,0.8213144390287637,87.94544719221581,673.7375368585754,168.6058816635942,4.6533676632908065,7.576952558674606,22.826506880784535,0.6279642975641797,0.8342049073505858,109.08088800627777,0.8982497967317027,0.030426722466968148,0.0755869094231989,0.003306768538772209,0.0004434484170929287,3.559768845609434,-2.559768845609434
48,0.0,2.4680309831036964,0.5030002812386496,0.8213144390287637,87.94544719221581,673.7375368585754,168.6058816635942,4.6533676632908065,7.576952558674606,22.826506880784535,0.6279642975641797,0.8342049073505858,109.08088800627777,0.8982497967317027,0.030426722466968148,0.0755869094231989,0.003306768538772209,0.0004434484170929287,0.9771100073376661,0.022889992662333936
49,0.0,1.5346665992533088,0.4177913889125744,0.2832760979073976,52.600309785237734,553.0494072633373,193.30898129357178,1.3241329155027395,2.91702708796075,12.17105680700216,0.5233520408128727,0.7282294909663274,52.46525565593784,0.338716772390135,0.02166584011121031,0.18433865300628782,0.008061947261727709,0.0004206384843442046,1.054783393614377,-0.054783393614376896
50,0.0,1.5346665992533088,0.4177913889125744,0.2832760979073976,52.600309785237734,553.0494072633373,193.30898129357178,1.3241329155027395,2.91702708796075,12.17105680700216,0.5233520408128727,0.7282294909663274,52.46525565593784,0.338716772390135,0.02166584011121031,0.18433865300628782,0.008061947261727709,0.0004206384843442046,1.7260193579164944,-0.7260193579164944
51,0.0,1.5346665992533088,0.4177913889125744,0.2832760979073976,52.600309785237734,553.0494072633373,193.30898129357178,1.3241329155027395,2.91702708796075,12.17105680700216,0.5233520408128727,0.7282294909663274,52.46525565593784,0.338716772390135,0.02166584011121031,0.18433865300628782,0.008061947261727709,0.0004206384843442046,3.119140498067315,-2.119140498067315
52,0.0,1.5346665992533088,0.4177913889125744,0.2832760979073976,52.600309785237734,553.0494072633373,193.30898129357178,1.3241329155027395,2.91702708796075,12.17105680700216,0.5233520408128727,0.7282294909663274,52.46525565593784,0.338716772390135,0.02166584011121031,0.18433865300628782,0.008061947261727709,0.0004206384843442046,0.8807012977786584,0.11929870222134165
53,0.0,1.5346665992533088,0.4177913889125744,0.2832760979073976,52.600309785237734,553.0494072633373,193.30898129357178,1.3241329155027395,2.91702708796075,12.17105680700216,0.5233520408128727,0.7282294909663274,52.46525565593784,0.338716772390135,0.02166584011121031,0.18433865300628782,0.008061947261727709,0.0004206384843442046,0.8325345889611424,0.1674654110388576
54,0.0,0.9428670648284749,0.8409882037534527,0.1526395029046963,81.2564904552664,596.8169857061575,156.52752207973992,6.863262944894475,16.591405759438025,21.563702504203803,0.6671501810078457,0.7108671451018334,128.61359252482077,0.6071759703976395,0.01543515269919582,0.0030285551233191765,0.004508644745004453,0.0002752493197113459,0.7399167898801393,0.2600832101198607
55,0.0,0.9428670648284749,0.8409882037534527,0.1526395029046963,81.2564904552664,596.8169857061575,156.52752207973992,6.863262944894475,16.591405759438025,21.563702504203803,0.6671501810078457,0.7108671451018334,128.61359252482077,0.6071759703976395,0.01543515269919582,0.0030285551233191765,0.004508644745004453,0.0002752493197113459,1.735199688054786,-0.735199688054786
56,0.0,0.6253064860047193,0.5349245252775545,0.026442921475110737,63.14818368404411,649.0203064048842,106.57162251447636,8.01480944031046,5.183299016214715,10.472360925461018,0.450905448089145,0.7992523012549293,114.62868546646013,0.6877272054050056,0.030821893993687344,0.0059088518566852155,0.006290401668527512,0.0019763183017822983,1.3556308951712814,-0.35563089517128144
57,0.0,0.1416796047709752,0.08921315485800374,0.09503232841489329,66.15655676755883,617.1727104132204,120.31623185247327,6.520999531965261,7.285953215836618,0.8106708853354547,0.37328786184504853,0.8271518057327872,157.4036393886426,0.6491623312191676,0.031936149997375374,0.16023765435303738,0.008864272914427651,0.0001004464182465803,2.317765116014579,-1.317765116014579
58,0.0,0.1416796047709752,0.08921315485800374,0.09503232841489329,66.15655676755883,617.1727104132204,120.31623185247327,6.520999531965261,7.285953215836618,0.8106708853354547,0.37328786184504853,0.8271518057327872,157.4036393886426,0.6491623312191676,0.031936149997375374,0.16023765435303738,0.008864272914427651,0.0001004464182465803,1.6299403708107103,-0.6299403708107103
59,0.0,0.1416796047709752,0.08921315485800374,0.09503232841489329,66.15655676755883,617.1727104132204,120.31623185247327,6.520999531965261,7.285953215836618,0.8106708853354547,0.37328786184504853,0.8271518057327872,157.4036393886426,0.6491623312191676,0.031936149997375374,0.16023765435303738,0.008864272914427651,0.0001004464182465803,2.0300247432887537,-1.0300247432887537
60,0.0,0.1416796047709752,0.08921315485800374,0.09503232841489329,66.15655676755883,617.1727104132204,120.31623185247327,6.520999531965261,7.285953215836618,0.8106708853354547,0.37328786184504853,0.8271518057327872,157.4036393886426,0.6491623312191676,0.031936149997375374,0.16023765435303738,0.008864272914427651,0.0001004464182465803,1.7283182160400843,-0.7283182160400843
61,0.0,0.1416796047709752,0.08921315485800374,0.09503232841489329,66.15655676755883,617.1727104132204,120.31623185247327,6.520999531965261,7.285953215836618,0.8106708853354547,0.37328786184504853,0.8271518057327872,157.4036393886426,0.6491623312191676,0.031936149997375374,0.16023765435303738,0.008864272914427651,0.0001004464182465803,0.9119639630204571,0.08803603697954288
62,0.0,0.1416796047709752,0.08921315485800374,0.09503232841489329,66.15655676755883,617.1727104132204,120.31623185247327,6.520999531965261,7.285953215836618,0.8106708853354547,0.37328786184504853,0.8271518057327872,157.4036393886426,0.6491623312191676,0.031936149997375374,0.16023765435303738,0.008864272914427651,0.0001004464182465803,0.9625158267932963,0.03748417320670372
63,0.0,0.1416796047709752,0.08921315485800374,0.09503232841489329,66.15655676755883,617.1727104132204,120.31623185247327,6.520999531965261,7.285953215836618,0.8106708853354547,0.37328786184504853,0.8271518057327872,157.4036393886426,0.6491623312191676,0.031936149997375374,0.16023765435303738,0.008864272914427651,0.0001004464182465803,1.534929336142455,-0.534929336142455
64,0.0,0.1416796047709752,0.08921315485800374,0.09503232841489329,66.15655676755883,617.1727104132204,120.31623185247327,6.520999531965261,7.285953215836618,0.8106708853354547,0.37328786184504853,0.8271518057327872,157.4036393886426,0.6491623312191676,0.031936149997375374,0.16023765435303738,0.008864272914427651,0.0001004464182465803,1.729066471221561,-0.7290664712215611
65,0.0,0.1416796047709752,0.08921315485800374,0.09503232841489329,66.15655676755883,617.1727104132204,120.31623185247327,6.520999531965261,7.285953215836618,0.8106708853354547,0.37328786184504853,0.8271518057327872,157.4036393886426,0.6491623312191676,0.031936149997375374,0.16023765435303738,0.008864272914427651,0.0001004464182465803,1.5793670312738173,-0.5793670312738173
66,0.0,0.1416796047709752,0.08921315485800374,0.09503232841489329,66.15655676755883,617.1727104132204,120.31623185247327,6.520999531965261,7.285953215836618,0.8106708853354547,0.37328786184504853,0.8271518057327872,157.4036393886426,0.6491623312191676,0.031936149997375374,0.16023765435303738,0.008864272914427651,0.0001004464182465803,1.684684857517456,-0.684684857517456
67,0.0,0.2580762053817266,0.28168821634813734,0.10424844720443627,66.98115389797769,226.69390648061233,117.17731067162435,4.135638453339824,6.102558644907421,10.893331715277768,0.2752606535185916,0.7132274716810978,52.46525565593784,0.2839670890997799,0.021195436592594097,0.10119650367438748,0.008061947261727709,0.0004206384843442046,0.599958866542426,0.40004113345757397
68,0.0,0.2580762053817266,0.28168821634813734,0.10424844720443627,66.98115389797769,226.69390648061233,117.17731067162435,4.135638453339824,6.102558644907421,10.893331715277768,0.2752606535185916,0.7132274716810978,52.46525565593784,0.2839670890997799,0.021195436592594097,0.10119650367438748,0.008061947261727709,0.0004206384843442046,1.165008570155994,-0.16500857015599402
69,0.0,0.2580762053817266,0.28168821634813734,0.10424844720443627,66.98115389797769,226.69390648061233,117.17731067162435,4.135638453339824,6.102558644907421,10.893331715277768,0.2752606535185916,0.7132274716810978,52.46525565593784,0.2839670890997799,0.021195436592594097,0.10119650367438748,0.008061947261727709,0.0004206384843442046,1.1104403408428045,-0.11044034084280452
70,0.0,0.2580762053817266,0.28168821634813734,0.10424844720443627,66.98115389797769,226.69390648061233,117.17731067162435,4.135638453339824,6.102558644907421,10.893331715277768,0.2752606535185916,0.7132274716810978,52.46525565593784,0.2839670890997799,0.021195436592594097,0.10119650367438748,0.008061947261727709,0.0004206384843442046,0.5142459778476782,0.4857540221523218
71,0.0,0.2580762053817266,0.28168821634813734,0.10424844720443627,66.98115389797769,226.69390648061233,117.17731067162435,4.135638453339824,6.102558644907421,10.893331715277768,0.2752606535185916,0.7132274716810978,52.46525565593784,0.2839670890997799,0.021195436592594097,0.10119650367438748,0.008061947261727709,0.0004206384843442046,0.6365432293183982,0.36345677068160176
72,0.0,0.2580762053817266,0.28168821634813734,0.10424844720443627,66.98115389797769,226.69390648061233,117.17731067162435,4.135638453339824,6.102558644907421,10.893331715277768,0.2752606535185916,0.7132274716810978,52.46525565593784,0.2839670890997799,0.021195436592594097,0.10119650367438748,0.008061947261727709,0.0004206384843442046,1.7541716857847323,-0.7541716857847323
73,0.0,0.2580762053817266,0.28168821634813734,0.10424844720443627,66.98115389797769,226.69390648061233,117.17731067162435,4.135638453339824,6.102558644907421,10.893331715277768,0.2752606535185916,0.7132274716810978,52.46525565593784,0.2839670890997799,0.021195436592594097,0.10119650367438748,0.008061947261727709,0.0004206384843442046,1.7293013047554169,-0.7293013047554169
74,0.0,0.25594560527368565,0.2310685469790541,0.13300534505159511,78.11223700285805,522.5035712121393,137.65524875149907,4.550323874876469,9.986398118650502,4.282074518601917,0.7044116830643012,0.62796852584608,64.64890147242807,0.7273251604110644,0.018991167447757806,0.01632767301006105,0.007925234664991732,0.0007686874539393762,0.45701339875115554,0.5429866012488445
75,0.0,0.25594560527368565,0.2310685469790541,0.13300534505159511,78.11223700285805,522.5035712121393,137.65524875149907,4.550323874876469,9.986398118650502,4.282074518601917,0.7044116830643012,0.62796852584608,64.64890147242807,0.7273251604110644,0.018991167447757806,0.01632767301006105,0.007925234664991732,0.0007686874539393762,0.4616052045238419,0.5383947954761581
76,0.0,0.25594560527368565,0.2310685469790541,0.13300534505159511,78.11223700285805,522.5035712121393,137.65524875149907,4.550323874876469,9.986398118650502,4.282074518601917,0.7044116830643012,0.62796852584608,64.64890147242807,0.7273251604110644,0.018991167447757806,0.01632767301006105,0.007925234664991732,0.0007686874539393762,2.381949848709697,-1.3819498487096968
77,0.0,0.25594560527368565,0.2310685469790541,0.13300534505159511,78.11223700285805,522.5035712121393,137.65524875149907,4.550323874876469,9.986398118650502,4.282074518601917,0.7044116830643012,0.62796852584608,64.64890147242807,0.7273251604110644,0.018991167447757806,0.01632767301006105,0.007925234664991732,0.0007686874539393762,0.8247703763514604,0.17522962364853956
78,0.0,0.25594560527368565,0.2310685469790541,0.13300534505159511,78.11223700285805,522.5035712121393,137.65524875149907,4.550323874876469,9.986398118650502,4.282074518601917,0.7044116830643012,0.62796852584608,64.64890147242807,0.7273251604110644,0.018991167447757806,0.01632767301006105,0.007925234664991732,0.0007686874539393762,1.7214462211122954,-0.7214462211122954
79,0.0,0.0045315369761082525,0.4521900002998591,0.056386756059763066,33.44236350359343,517.6903563312185,115.55921567751295,3.5265368633312426,0.3586269618107849,14.2892939869798,0.6861596147812659,0.7117051279545853,53.640483023246,0.327816488506741,0.015575253134493483,0.020627866629489566,0.008173664194334629,0.00020529989599993304,0.4539223255940379,0.5460776744059621
80,0.0,0.0045315369761082525,0.4521900002998591,0.056386756059763066,33.44236350359343,517.6903563312185,115.55921567751295,3.5265368633312426,0.3586269618107849,14.2892939869798,0.6861596147812659,0.7117051279545853,53.640483023246,0.327816488506741,0.015575253134493483,0.020627866629489566,0.008173664194334629,0.00020529989599993304,0.32848668749590026,0.6715133125040997
81,0.0,0.0045315369761082525,0.4521900002998591,0.056386756059763066,33.44236350359343,517.6903563312185,115.55921567751295,3.5265368633312426,0.3586269618107849,14.2892939869798,0.6861596147812659,0.7117051279545853,53.640483023246,0.327816488506741,0.015575253134493483,0.020627866629489566,0.008173664194334629,0.00020529989599993304,0.5836126880292697,0.4163873119707303
82,0.0,0.5000960944669548,0.2133039660850926,0.11634665245743658,59.88675966853201,354.00767863655983,104.11070213169046,4.485024822420748,3.5117578335173194,3.183930609200111,0.8270462466040402,0.6539768383733824,154.09473157794537,0.11391376861700303,0.010225191075553641,0.28392420739143165,0.007849018645598616,0.0003172282718814645,1.4292151415640761,-0.42921514156407614
83,0.0,0.5000960944669548,0.2133039660850926,0.11634665245743658,59.88675966853201,354.00767863655983,104.11070213169046,4.485024822420748,3.5117578335173194,3.183930609200111,0.8270462466040402,0.6539768383733824,154.09473157794537,0.11391376861700303,0.010225191075553641,0.28392420739143165,0.007849018645598616,0.0003172282718814645,1.7048236856637564,-0.7048236856637564
84,0.0,0.5000960944669548,0.2133039660850926,0.11634665245743658,59.88675966853201,354.00767863655983,104.11070213169046,4.485024822420748,3.5117578335173194,3.183930609200111,0.8270462466040402,0.6539768383733824,154.09473157794537,0.11391376861700303,0.010225191075553641,0.28392420739143165,0.007849018645598616,0.0003172282718814645,0.23005366489161294,0.7699463351083871
85,0.0,0.2053327528440106,0.46447830149009217,0.07445007816460514,62.174988368568606,87.14226607243438,121.16736607519306,2.359337251510656,1.796772559121587,3.126687822694869,0.14951452517835734,0.9568597266923875,32.36205722212971,0.5149038167997271,0.0030055010772645496,0.2654759830493935,0.008349516159798676,0.0007488239706503474,0.409862456245204,0.590137543754796
86,0.0,0.2053327528440106,0.46447830149009217,0.07445007816460514,62.174988368568606,87.14226607243438,121.16736607519306,2.359337251510656,1.796772559121587,3.126687822694869,0.14951452517835734,0.9568597266923875,32.36205722212971,0.5149038167997271,0.0030055010772645496,0.2654759830493935,0.008349516159798676,0.0007488239706503474,1.3988592481926554,-0.3988592481926554
87,0.0,0.2053327528440106,0.46447830149009217,0.07445007816460514,62.174988368568606,87.14226607243438,121.16736607519306,2.359337251510656,1.796772559121587,3.126687822694869,0.14951452517835734,0.9568597266923875,32.36205722212971,0.5149038167997271,0.0030055010772645496,0.2654759830493935,0.008349516159798676,0.0007488239706503474,1.701679400813393,-0.7016794008133931
88,0.0,0.2053327528440106,0.46447830149009217,0.07445007816460514,62.174988368568606,87.14226607243438,121.16736607519306,2.359337251510656,1.796772559121587,3.126687822694869,0.14951452517835734,0.9568597266923875,32.36205722212971,0.5149038167997271,0.0030055010772645496,0.2654759830493935,0.008349516159798676,0.0007488239706503474,1.4195585494430358,-0.41955854944303583
89,0.0,0.2053327528440106,0.46447830149009217,0.07445007816460514,62.174988368568606,87.14226607243438,121.16736607519306,2.359337251510656,1.796772559121587,3.126687822694869,0.14951452517835734,0.9568597266923875,32.36205722212971,0.5149038167997271,0.0030055010772645496,0.2654759830493935,0.008349516159798676,0.0007488239706503474,2.560213867896808,-1.5602138678968078
90,0.0,0.2053327528440106,0.46447830149009217,0.07445007816460514,62.174988368568606,87.14226607243438,121.16736607519306,2.359337251510656,1.796772559121587,3.126687822694869,0.14951452517835734,0.9568597266923875,32.36205722212971,0.5149038167997271,0.0030055010772645496,0.2654759830493935,0.008349516159798676,0.0007488239706503474,0.27855944756634166,0.7214405524336583
91,0.0,0.2053327528440106,0.46447830149009217,0.07445007816460514,62.174988368568606,87.14226607243438,121.16736607519306,2.359337251510656,1.796772559121587,3.126687822694869,0.14951452517835734,0.9568597266923875,32.36205722212971,0.5149038167997271,0.0030055010772645496,0.2654759830493935,0.008349516159798676,0.0007488239706503474,1.711729078895765,-0.7117290788957651
92,0.0,0.2053327528440106,0.46447830149009217,0.07445007816460514,62.174988368568606,87.14226607243438,121.16736607519306,2.359337251510656,1.796772559121587,3.126687822694869,0.14951452517835734,0.9568597266923875,32.36205722212971,0.5149038167997271,0.0030055010772645496,0.2654759830493935,0.008349516159798676,0.0007488239706503474,8.011399083105369,-7.011399083105369
93,0.0,0.10958209596912277,0.5187926056158305,0.06943618579178601,55.24710520683804,220.60588745598025,107.22664067314184,3.7863330514340685,8.052961991354817,2.320907919806011,0.8117426009160821,0.7042422651244508,103.33840309503745,0.17927006356094505,0.0002692155047141487,0.1584360687364476,0.008594000321224704,0.00033539700148010887,0.24399274716796604,0.756007252832034
94,0.0,0.10958209596912277,0.5187926056158305,0.06943618579178601,55.24710520683804,220.60588745598025,107.22664067314184,3.7863330514340685,8.052961991354817,2.320907919806011,0.8117426009160821,0.7042422651244508,103.33840309503745,0.17927006356094505,0.0002692155047141487,0.1584360687364476,0.008594000321224704,0.00033539700148010887,0.4600694764124792,0.5399305235875208
95,0.0,0.2518802432967655,0.3474216146280016,0.12879738516149342,65.96464339036113,532.395463414165,109.99566101181892,3.9367042666024497,5.648921765059798,2.969839894591267,0.9839983401951334,0.637087470531584,99.88828411354135,0.3994323023489043,0.004329422901201474,0.033588585546189764,0.00823714657636404,0.0005223247469638981,11.35682455428552,-10.35682455428552
96,0.0,0.2518802432967655,0.3474216146280016,0.12879738516149342,65.96464339036113,532.395463414165,109.99566101181892,3.9367042666024497,5.648921765059798,2.969839894591267,0.9839983401951334,0.637087470531584,99.88828411354135,0.3994323023489043,0.004329422901201474,0.033588585546189764,0.00823714657636404,0.0005223247469638981,0.3600758496913461,0.6399241503086539
97,0.0,0.2518802432967655,0.3474216146280016,0.12879738516149342,65.96464339036113,532.395463414165,109.99566101181892,3.9367042666024497,5.648921765059798,2.969839894591267,0.9839983401951334,0.637087470531584,99.88828411354135,0.3994323023489043,0.004329422901201474,0.033588585546189764,0.00823714657636404,0.0005223247469638981,0.4595363513181885,0.5404636486818115
98,0.0,0.2518802432967655,0.3474216146280016,0.12879738516149342,65.96464339036113,532.395463414165,109.99566101181892,3.9367042666024497,5.648921765059798,2.969839894591267,0.9839983401951334,0.637087470531584,99.88828411354135,0.3994323023489043,0.004329422901201474,0.033588585546189764,0.00823714657636404,0.0005223247469638981,16.089215887613964,-15.089215887613964
99,0.0,0.2518802432967655,0.3474216146280016,0.12879738516149342,65.96464339036113,532.395463414165,109.99566101181892,3.9367042666024497,5.648921765059798,2.969839894591267,0.9839983401951334,0.637087470531584,99.88828411354135,0.3994323023489043,0.004329422901201474,0.033588585546189764,0.00823714657636404,0.0005223247469638981,0.27975643852804866,0.7202435614719513
100,0.0,0.2518802432967655,0.3474216146280016,0.12879738516149342,65.96464339036113,532.395463414165,109.99566101181892,3.9367042666024497,5.648921765059798,2.969839894591267,0.9839983401951334,0.637087470531584,99.88828411354135,0.3994323023489043,0.004329422901201474,0.033588585546189764,0.00823714657636404,0.0005223247469638981,0.21503136611115303,0.784968633888847
101,0.0,0.18168888357706037,0.4413977940855567,0.08015289018953897,68.66758492987384,358.71159781738476,110.63961211325898,5.0633224857227965,4.476040088798805,0.9422662921949438,0.9495763124448802,0.806294714207161,121.15788607951221,0.555582236111337,0.0019539803751668083,0.10837784150229973,0.008308091002390827,0.0006338330999455244,0.18228119738455695,0.817718802615443
102,0.0,0.09675328262218352,0.4669051215757265,0.05328899382357388,74.21314454642932,610.2659339713277,124.89148292881987,2.2337024560762004,2.645220093799715,0.4034557532213725,0.4880327804005433,0.9442835770445803,44.569299850397634,0.5268015670052878,0.0024032558696063244,0.16833054484431365,0.007674019868566695,0.000406208950982645,7.189812328809652,-6.189812328809652
103,0.0,0.09675328262218352,0.4669051215757265,0.05328899382357388,74.21314454642932,610.2659339713277,124.89148292881987,2.2337024560762004,2.645220093799715,0.4034557532213725,0.4880327804005433,0.9442835770445803,44.569299850397634,0.5268015670052878,0.0024032558696063244,0.16833054484431365,0.007674019868566695,0.000406208950982645,13.06523645173833,-12.06523645173833
104,0.0,0.09675328262218352,0.4669051215757265,0.05328899382357388,74.21314454642932,610.2659339713277,124.89148292881987,2.2337024560762004,2.645220093799715,0.4034557532213725,0.4880327804005433,0.9442835770445803,44.569299850397634,0.5268015670052878,0.0024032558696063244,0.16833054484431365,0.007674019868566695,0.000406208950982645,1.6579717536227447,-0.6579717536227447
105,0.0,0.09675328262218352,0.4669051215757265,0.05328899382357388,74.21314454642932,610.2659339713277,124.89148292881987,2.2337024560762004,2.645220093799715,0.4034557532213725,0.4880327804005433,0.9442835770445803,44.569299850397634,0.5268015670052878,0.0024032558696063244,0.16833054484431365,0.007674019868566695,0.000406208950982645,0.4611450638145427,0.5388549361854573
106,0.0,0.09675328262218352,0.4669051215757265,0.05328899382357388,74.21314454642932,610.2659339713277,124.89148292881987,2.2337024560762004,2.645220093799715,0.4034557532213725,0.4880327804005433,0.9442835770445803,44.569299850397634,0.5268015670052878,0.0024032558696063244,0.16833054484431365,0.007674019868566695,0.000406208950982645,0.760558515115088,0.23944148488491201
107,0.0,0.09675328262218352,0.4669051215757265,0.05328899382357388,74.21314454642932,610.2659339713277,124.89148292881987,2.2337024560762004,2.645220093799715,0.4034557532213725,0.4880327804005433,0.9442835770445803,44.569299850397634,0.5268015670052878,0.0024032558696063244,0.16833054484431365,0.007674019868566695,0.000406208950982645,1.862310269546769,-0.862310269546769
108,0.0,0.09675328262218352,0.4669051215757265,0.05328899382357388,74.21314454642932,610.2659339713277,124.89148292881987,2.2337024560762004,2.645220093799715,0.4034557532213725,0.4880327804005433,0.9442835770445803,44.569299850397634,0.5268015670052878,0.0024032558696063244,0.16833054484431365,0.007674019868566695,0.000406208950982645,0.45559290774634165,0.5444070922536584
109,0.0,0.15176573385899905,0.4860117757380489,0.06311321570539885,68.91623665565146,242.9705720084032,123.83791203821346,2.636293626046952,2.9209669652835615,1.6449771997687677,0.39193015611715387,0.955297987991597,92.16807923019891,0.20314301289879805,0.0021551881615465285,0.17318860201346276,0.007446628154250512,0.0002350533243983266,0.18207494615640618,0.8179250538435938
110,0.0,0.15176573385899905,0.4860117757380489,0.06311321570539885,68.91623665565146,242.9705720084032,123.83791203821346,2.636293626046952,2.9209669652835615,1.6449771997687677,0.39193015611715387,0.955297987991597,92.16807923019891,0.20314301289879805,0.0021551881615465285,0.17318860201346276,0.007446628154250512,0.0002350533243983266,0.13032453369135433,0.8696754663086457
111,0.0,0.15176573385899905,0.4860117757380489,0.06311321570539885,68.91623665565146,242.9705720084032,123.83791203821346,2.636293626046952,2.9209669652835615,1.6449771997687677,0.39193015611715387,0.955297987991597,92.16807923019891,0.20314301289879805,0.0021551881615465285,0.17318860201346276,0.007446628154250512,0.0002350533243983266,1.7094696699422374,-0.7094696699422374
112,0.0,0.15176573385899905,0.4860117757380489,0.06311321570539885,68.91623665565146,242.9705720084032,123.83791203821346,2.636293626046952,2.9209669652835615,1.6449771997687677,0.39193015611715387,0.955297987991597,92.16807923019891,0.20314301289879805,0.0021551881615465285,0.17318860201346276,0.007446628154250512,0.0002350533243983266,1.2910728845667647,-0.2910728845667647
113,0.0,0.15176573385899905,0.4860117757380489,0.06311321570539885,68.91623665565146,242.9705720084032,123.83791203821346,2.636293626046952,2.9209669652835615,1.6449771997687677,0.39193015611715387,0.955297987991597,92.16807923019891,0.20314301289879805,0.0021551881615465285,0.17318860201346276,0.007446628154250512,0.0002350533243983266,0.13862627274763595,0.861373727252364
114,0.0,0.15176573385899905,0.4860117757380489,0.06311321570539885,68.91623665565146,242.9705720084032,123.83791203821346,2.636293626046952,2.9209669652835615,1.6449771997687677,0.39193015611715387,0.955297987991597,92.16807923019891,0.20314301289879805,0.0021551881615465285,0.17318860201346276,0.007446628154250512,0.0002350533243983266,0.30109912459164456,0.6989008754083554
115,0.0,0.15176573385899905,0.4860117757380489,0.06311321570539885,68.91623665565146,242.9705720084032,123.83791203821346,2.636293626046952,2.9209669652835615,1.6449771997687677,0.39193015611715387,0.955297987991597,92.16807923019891,0.20314301289879805,0.0021551881615465285,0.17318860201346276,0.007446628154250512,0.0002350533243983266,0.4595505715331194,0.5404494284668806
116,0.0,0.15176573385899905,0.4860117757380489,0.06311321570539885,68.91623665565146,242.9705720084032,123.83791203821346,2.636293626046952,2.9209669652835615,1.6449771997687677,0.39193015611715387,0.955297987991597,92.16807923019891,0.20314301289879805,0.0021551881615465285,0.17318860201346276,0.007446628154250512,0.0002350533243983266,16.063521692570482,-15.063521692570482
117,0.0,0.11304846593543094,0.46601621176424435,0.0791424808875556,69.50795040618189,297.7219307016444,125.35821794788058,2.3225546127635144,2.924237176704181,2.4887589482544854,0.41743511061873956,0.9626461873518775,86.1452754765971,0.3026718660705392,0.002753179284076923,0.18596917587392514,0.007854945781844536,0.00014017795582005332,0.1702031802472912,0.8297968197527088
118,0.0,0.11304846593543094,0.46601621176424435,0.0791424808875556,69.50795040618189,297.7219307016444,125.35821794788058,2.3225546127635144,2.924237176704181,2.4887589482544854,0.41743511061873956,0.9626461873518775,86.1452754765971,0.3026718660705392,0.002753179284076923,0.18596917587392514,0.007854945781844536,0.00014017795582005332,7.934540535267962,-6.934540535267962
119,0.0,0.11304846593543094,0.46601621176424435,0.0791424808875556,69.50795040618189,297.7219307016444,125.35821794788058,2.3225546127635144,2.924237176704181,2.4887589482544854,0.41743511061873956,0.9626461873518775,86.1452754765971,0.3026718660705392,0.002753179284076923,0.18596917587392514,0.007854945781844536,0.00014017795582005332,1.7178386592337986,-0.7178386592337986
120,0.0,0.08246972432114458,0.5052339782235814,0.04975022116108185,77.54872670012902,223.66705802296926,134.46544935976124,2.107160335121867,2.961469954320462,1.7173131598711606,0.5766162693773105,0.9748803398077841,124.64013864047625,0.08881997018521642,0.001667898560692438,0.09452288669777131,0.008277106440840565,0.0001445661837051193,0.1320080002792582,0.8679919997207418
121,0.0,0.08246972432114458,0.5052339782235814,0.04975022116108185,77.54872670012902,223.66705802296926,134.46544935976124,2.107160335121867,2.961469954320462,1.7173131598711606,0.5766162693773105,0.9748803398077841,124.64013864047625,0.08881997018521642,0.001667898560692438,0.09452288669777131,0.008277106440840565,0.0001445661837051193,0.5665413329052442,0.4334586670947558
122,0.0,0.08246972432114458,0.5052339782235814,0.04975022116108185,77.54872670012902,223.66705802296926,134.46544935976124,2.107160335121867,2.961469954320462,1.7173131598711606,0.5766162693773105,0.9748803398077841,124.64013864047625,0.08881997018521642,0.001667898560692438,0.09452288669777131,0.008277106440840565,0.0001445661837051193,0.16145733379539218,0.8385426662046078
123,0.0,0.08246972432114458,0.5052339782235814,0.04975022116108185,77.54872670012902,223.66705802296926,134.46544935976124,2.107160335121867,2.961469954320462,1.7173131598711606,0.5766162693773105,0.9748803398077841,124.64013864047625,0.08881997018521642,0.001667898560692438,0.09452288669777131,0.008277106440840565,0.0001445661837051193,0.24448130141204272,0.7555186985879573
124,0.0,0.08246972432114458,0.5052339782235814,0.04975022116108185,77.54872670012902,223.66705802296926,134.46544935976124,2.107160335121867,2.961469954320462,1.7173131598711606,0.5766162693773105,0.9748803398077841,124.64013864047625,0.08881997018521642,0.001667898560692438,0.09452288669777131,0.008277106440840565,0.0001445661837051193,0.1201601856615192,0.8798398143384808
125,0.0,0.08246972432114458,0.5052339782235814,0.04975022116108185,77.54872670012902,223.66705802296926,134.46544935976124,2.107160335121867,2.961469954320462,1.7173131598711606,0.5766162693773105,0.9748803398077841,124.64013864047625,0.08881997018521642,0.001667898560692438,0.09452288669777131,0.008277106440840565,0.0001445661837051193,0.6585880260516143,0.34141197394838574
126,0.0,0.0034371851666005204,0.5257847320454208,0.040928866539506004,75.31254123066125,54.80204585488747,124.41996669099154,2.7298950130165704,1.3030640441397772,2.3196922361634336,0.8417646924023293,0.951646312729822,102.88310417721061,0.9050696078686271,0.001689435552154006,0.015332242074475866,0.00744274244270382,0.00013309254109139523,0.12255302949159552,0.8774469705084045
127,0.0,0.0034371851666005204,0.5257847320454208,0.040928866539506004,75.31254123066125,54.80204585488747,124.41996669099154,2.7298950130165704,1.3030640441397772,2.3196922361634336,0.8417646924023293,0.951646312729822,102.88310417721061,0.9050696078686271,0.001689435552154006,0.015332242074475866,0.00744274244270382,0.00013309254109139523,0.13124082376468482,0.8687591762353152
128,0.0,0.0034371851666005204,0.5257847320454208,0.040928866539506004,75.31254123066125,54.80204585488747,124.41996669099154,2.7298950130165704,1.3030640441397772,2.3196922361634336,0.8417646924023293,0.951646312729822,102.88310417721061,0.9050696078686271,0.001689435552154006,0.015332242074475866,0.00744274244270382,0.00013309254109139523,0.13016156837481052,0.8698384316251895
129,0.0,0.05044063652137648,0.46553894837379817,0.07457539313831685,72.04485334525883,534.4345986843844,116.6123050846104,3.939472726677855,2.217984303577671,1.0538000042318671,0.5987676551815948,0.11186046432510977,71.94924834861156,0.4792416208364261,0.0032063081444648756,0.0011946562734957422,0.0081048561999853,0.0001318976419534823,0.1201678069816059,0.8798321930183941
130,0.0,0.05044063652137648,0.46553894837379817,0.07457539313831685,72.04485334525883,534.4345986843844,116.6123050846104,3.939472726677855,2.217984303577671,1.0538000042318671,0.5987676551815948,0.11186046432510977,71.94924834861156,0.4792416208364261,0.0032063081444648756,0.0011946562734957422,0.0081048561999853,0.0001318976419534823,0.6836846352247162,0.31631536477528377
131,0.0,0.05044063652137648,0.46553894837379817,0.07457539313831685,72.04485334525883,534.4345986843844,116.6123050846104,3.939472726677855,2.217984303577671,1.0538000042318671,0.5987676551815948,0.11186046432510977,71.94924834861156,0.4792416208364261,0.0032063081444648756,0.0011946562734957422,0.0081048561999853,0.0001318976419534823,0.19626165517455174,0.8037383448254483
132,0.0,0.05044063652137648,0.46553894837379817,0.07457539313831685,72.04485334525883,534.4345986843844,116.6123050846104,3.939472726677855,2.217984303577671,1.0538000042318671,0.5987676551815948,0.11186046432510977,71.94924834861156,0.4792416208364261,0.0032063081444648756,0.0011946562734957422,0.0081048561999853,0.0001318976419534823,0.12787834336008896,0.872121656639911
133,0.0,0.05044063652137648,0.46553894837379817,0.07457539313831685,72.04485334525883,534.4345986843844,116.6123050846104,3.939472726677855,2.217984303577671,1.0538000042318671,0.5987676551815948,0.11186046432510977,71.94924834861156,0.4792416208364261,0.0032063081444648756,0.0011946562734957422,0.0081048561999853,0.0001318976419534823,0.3006201419719159,0.6993798580280841
134,0.0,0.11641845964608721,0.3703112420338319,0.09646497850819546,63.39270665768496,402.1238861952946,119.73302151666354,2.0239414930685227,1.8638775976104682,0.5005631881058008,0.5612844017884551,0.3008057721234991,144.87383376967819,0.6934973460697172,0.004498214018777258,0.0015037670712622075,0.007868984389812983,0.00011652403637701925,0.1263074100721172,0.8736925899278828
135,0.0,0.11641845964608721,0.3703112420338319,0.09646497850819546,63.39270665768496,402.1238861952946,119.73302151666354,2.0239414930685227,1.8638775976104682,0.5005631881058008,0.5612844017884551,0.3008057721234991,144.87383376967819,0.6934973460697172,0.004498214018777258,0.0015037670712622075,0.007868984389812983,0.00011652403637701925,0.20805572389591498,0.791944276104085
136,0.0,0.11641845964608721,0.3703112420338319,0.09646497850819546,63.39270665768496,402.1238861952946,119.73302151666354,2.0239414930685227,1.8638775976104682,0.5005631881058008,0.5612844017884551,0.3008057721234991,144.87383376967819,0.6934973460697172,0.004498214018777258,0.0015037670712622075,0.007868984389812983,0.00011652403637701925,0.1346932124640532,0.8653067875359468
137,0.0,0.15053131567232075,0.46553894837379817,0.07457539313831685,71.5339555004373,534.4345986843844,122.31856233583687,2.1165613900871287,0.9533214915922024,2.2592699440223996,0.7196679740386746,0.11186046432510977,85.7327573171794,0.7582596681439068,0.0032063081444648756,0.0011946562734957422,0.0081048561999853,0.00032445217826237993,0.18033733896543847,0.8196626610345615
138,0.0,0.15053131567232075,0.46553894837379817,0.07457539313831685,71.5339555004373,534.4345986843844,122.31856233583687,2.1165613900871287,0.9533214915922024,2.2592699440223996,0.7196679740386746,0.11186046432510977,85.7327573171794,0.7582596681439068,0.0032063081444648756,0.0011946562734957422,0.0081048561999853,0.00032445217826237993,0.11791377201364983,0.8820862279863502
139,0.0,0.15053131567232075,0.46553894837379817,0.07457539313831685,71.5339555004373,534.4345986843844,122.31856233583687,2.1165613900871287,0.9533214915922024,2.2592699440223996,0.7196679740386746,0.11186046432510977,85.7327573171794,0.7582596681439068,0.0032063081444648756,0.0011946562734957422,0.0081048561999853,0.00032445217826237993,0.3345310028790286,0.6654689971209714
140,0.0,0.15053131567232075,0.46553894837379817,0.07457539313831685,71.5339555004373,534.4345986843844,122.31856233583687,2.1165613900871287,0.9533214915922024,2.2592699440223996,0.7196679740386746,0.11186046432510977,85.7327573171794,0.7582596681439068,0.0032063081444648756,0.0011946562734957422,0.0081048561999853,0.00032445217826237993,0.12207102521612267,0.8779289747838773
141,0.0,0.15053131567232075,0.46553894837379817,0.07457539313831685,71.5339555004373,534.4345986843844,122.31856233583687,2.1165613900871287,0.9533214915922024,2.2592699440223996,0.7196679740386746,0.11186046432510977,85.7327573171794,0.7582596681439068,0.0032063081444648756,0.0011946562734957422,0.0081048561999853,0.00032445217826237993,1.149630650656421,-0.1496306506564209
142,0.0,0.15053131567232075,0.46553894837379817,0.07457539313831685,71.5339555004373,534.4345986843844,122.31856233583687,2.1165613900871287,0.9533214915922024,2.2592699440223996,0.7196679740386746,0.11186046432510977,85.7327573171794,0.7582596681439068,0.0032063081444648756,0.0011946562734957422,0.0081048561999853,0.00032445217826237993,0.29125166177801964,0.7087483382219804
143,0.0,0.15053131567232075,0.46553894837379817,0.07457539313831685,71.5339555004373,534.4345986843844,122.31856233583687,2.1165613900871287,0.9533214915922024,2.2592699440223996,0.7196679740386746,0.11186046432510977,85.7327573171794,0.7582596681439068,0.0032063081444648756,0.0011946562734957422,0.0081048561999853,0.00032445217826237993,0.11720848810324302,0.882791511896757
144,0.0,0.15053131567232075,0.46553894837379817,0.07457539313831685,71.5339555004373,534.4345986843844,122.31856233583687,2.1165613900871287,0.9533214915922024,2.2592699440223996,0.7196679740386746,0.11186046432510977,85.7327573171794,0.7582596681439068,0.0032063081444648756,0.0011946562734957422,0.0081048561999853,0.00032445217826237993,1.3891908501195964,-0.3891908501195964
145,0.0,0.15053131567232075,0.46553894837379817,0.07457539313831685,71.5339555004373,534.4345986843844,122.31856233583687,2.1165613900871287,0.9533214915922024,2.2592699440223996,0.7196679740386746,0.11186046432510977,85.7327573171794,0.7582596681439068,0.0032063081444648756,0.0011946562734957422,0.0081048561999853,0.00032445217826237993,0.7560135218533736,0.24398647814662644
146,0.0,0.15053131567232075,0.46553894837379817,0.07457539313831685,71.5339555004373,534.4345986843844,122.31856233583687,2.1165613900871287,0.9533214915922024,2.2592699440223996,0.7196679740386746,0.11186046432510977,85.7327573171794,0.7582596681439068,0.0032063081444648756,0.0011946562734957422,0.0081048561999853,0.00032445217826237993,0.12132252141209432,0.8786774785879057
147,0.0,0.15053131567232075,0.46553894837379817,0.07457539313831685,71.5339555004373,534.4345986843844,122.31856233583687,2.1165613900871287,0.9533214915922024,2.2592699440223996,0.7196679740386746,0.11186046432510977,85.7327573171794,0.7582596681439068,0.0032063081444648756,0.0011946562734957422,0.0081048561999853,0.00032445217826237993,5.905244477941314,-4.905244477941314
148,0.0,0.15053131567232075,0.46553894837379817,0.07457539313831685,71.5339555004373,534.4345986843844,122.31856233583687,2.1165613900871287,0.9533214915922024,2.2592699440223996,0.7196679740386746,0.11186046432510977,85.7327573171794,0.7582596681439068,0.0032063081444648756,0.0011946562734957422,0.0081048561999853,0.00032445217826237993,0.13635554981915643,0.8636444501808436
149,0.0,0.15053131567232075,0.46553894837379817,0.07457539313831685,71.5339555004373,534.4345986843844,122.31856233583687,2.1165613900871287,0.9533214915922024,2.2592699440223996,0.7196679740386746,0.11186046432510977,85.7327573171794,0.7582596681439068,0.0032063081444648756,0.0011946562734957422,0.0081048561999853,0.00032445217826237993,0.2626820440484805,0.7373179559515195
150,0.0,0.15053131567232075,0.46553894837379817,0.07457539313831685,71.5339555004373,534.4345986843844,122.31856233583687,2.1165613900871287,0.9533214915922024,2.2592699440223996,0.7196679740386746,0.11186046432510977,85.7327573171794,0.7582596681439068,0.0032063081444648756,0.0011946562734957422,0.0081048561999853,0.00032445217826237993,0.4721584165660766,0.5278415834339234
151,0.0,0.15053131567232075,0.46553894837379817,0.07457539313831685,71.5339555004373,534.4345986843844,122.31856233583687,2.1165613900871287,0.9533214915922024,2.2592699440223996,0.7196679740386746,0.11186046432510977,85.7327573171794,0.7582596681439068,0.0032063081444648756,0.0011946562734957422,0.0081048561999853,0.00032445217826237993,1.077805473505965,-0.077805473505965
152,0.0,0.11073868153837968,0.5033393641355031,0.07240475840243121,64.93896654523536,451.4751522986877,115.64391882334871,2.3225546127635144,0.8347897951304102,2.4887589482544854,0.8670095379709719,0.17848971407825165,86.1452754765971,0.6097736822253124,0.0025495995483618694,0.0010976563408708895,0.007903014458494118,0.00014017795582005332,0.9490412985458496,0.05095870145415038
153,0.0,0.11073868153837968,0.5033393641355031,0.07240475840243121,64.93896654523536,451.4751522986877,115.64391882334871,2.3225546127635144,0.8347897951304102,2.4887589482544854,0.8670095379709719,0.17848971407825165,86.1452754765971,0.6097736822253124,0.0025495995483618694,0.0010976563408708895,0.007903014458494118,0.00014017795582005332,0.11892098486140723,0.8810790151385928
154,0.0,0.11073868153837968,0.5033393641355031,0.07240475840243121,64.93896654523536,451.4751522986877,115.64391882334871,2.3225546127635144,0.8347897951304102,2.4887589482544854,0.8670095379709719,0.17848971407825165,86.1452754765971,0.6097736822253124,0.0025495995483618694,0.0010976563408708895,0.007903014458494118,0.00014017795582005332,0.1230158937578727,0.8769841062421273
155,0.0,0.11073868153837968,0.5033393641355031,0.07240475840243121,64.93896654523536,451.4751522986877,115.64391882334871,2.3225546127635144,0.8347897951304102,2.4887589482544854,0.8670095379709719,0.17848971407825165,86.1452754765971,0.6097736822253124,0.0025495995483618694,0.0010976563408708895,0.007903014458494118,0.00014017795582005332,0.256691380519243,0.743308619480757
156,0.0,0.11073868153837968,0.5033393641355031,0.07240475840243121,64.93896654523536,451.4751522986877,115.64391882334871,2.3225546127635144,0.8347897951304102,2.4887589482544854,0.8670095379709719,0.17848971407825165,86.1452754765971,0.6097736822253124,0.0025495995483618694,0.0010976563408708895,0.007903014458494118,0.00014017795582005332,0.8142573087232962,0.18574269127670384
157,0.0,0.11073868153837968,0.5033393641355031,0.07240475840243121,64.93896654523536,451.4751522986877,115.64391882334871,2.3225546127635144,0.8347897951304102,2.4887589482544854,0.8670095379709719,0.17848971407825165,86.1452754765971,0.6097736822253124,0.0025495995483618694,0.0010976563408708895,0.007903014458494118,0.00014017795582005332,0.1924849005402136,0.8075150994597864
158,0.0,0.11073868153837968,0.5033393641355031,0.07240475840243121,64.93896654523536,451.4751522986877,115.64391882334871,2.3225546127635144,0.8347897951304102,2.4887589482544854,0.8670095379709719,0.17848971407825165,86.1452754765971,0.6097736822253124,0.0025495995483618694,0.0010976563408708895,0.007903014458494118,0.00014017795582005332,0.12354429025978364,0.8764557097402164
159,0.0,0.11073868153837968,0.5033393641355031,0.07240475840243121,64.93896654523536,451.4751522986877,115.64391882334871,2.3225546127635144,0.8347897951304102,2.4887589482544854,0.8670095379709719,0.17848971407825165,86.1452754765971,0.6097736822253124,0.0025495995483618694,0.0010976563408708895,0.007903014458494118,0.00014017795582005332,0.1681584436814092,0.8318415563185908
160,0.0,0.11073868153837968,0.5033393641355031,0.07240475840243121,64.93896654523536,451.4751522986877,115.64391882334871,2.3225546127635144,0.8347897951304102,2.4887589482544854,0.8670095379709719,0.17848971407825165,86.1452754765971,0.6097736822253124,0.0025495995483618694,0.0010976563408708895,0.007903014458494118,0.00014017795582005332,1.6979919658926257,-0.6979919658926257
161,0.0,0.11073868153837968,0.5033393641355031,0.07240475840243121,64.93896654523536,451.4751522986877,115.64391882334871,2.3225546127635144,0.8347897951304102,2.4887589482544854,0.8670095379709719,0.17848971407825165,86.1452754765971,0.6097736822253124,0.0025495995483618694,0.0010976563408708895,0.007903014458494118,0.00014017795582005332,6.244577435180679,-5.244577435180679
162,0.0,0.11073868153837968,0.5033393641355031,0.07240475840243121,64.93896654523536,451.4751522986877,115.64391882334871,2.3225546127635144,0.8347897951304102,2.4887589482544854,0.8670095379709719,0.17848971407825165,86.1452754765971,0.6097736822253124,0.0025495995483618694,0.0010976563408708895,0.007903014458494118,0.00014017795582005332,1.7071956757500546,-0.7071956757500546
163,0.0,0.11073868153837968,0.5033393641355031,0.07240475840243121,64.93896654523536,451.4751522986877,115.64391882334871,2.3225546127635144,0.8347897951304102,2.4887589482544854,0.8670095379709719,0.17848971407825165,86.1452754765971,0.6097736822253124,0.0025495995483618694,0.0010976563408708895,0.007903014458494118,0.00014017795582005332,0.15710285675633173,0.8428971432436683
164,0.0,0.13277796701824618,0.5495829507016785,0.06008898666878437,73.39457560952496,427.9434460639734,127.65927238551654,2.752037639925825,2.6476006485317107,2.2510212788637673,0.893833494638011,0.20416681591827918,120.83187663115503,0.5827435025775806,0.0021967203178426264,0.0002489083349020982,0.008081267084703248,0.0001895199114425039,0.7326289590789251,0.2673710409210749
165,0.0,0.13277796701824618,0.5495829507016785,0.06008898666878437,73.39457560952496,427.9434460639734,127.65927238551654,2.752037639925825,2.6476006485317107,2.2510212788637673,0.893833494638011,0.20416681591827918,120.83187663115503,0.5827435025775806,0.0021967203178426264,0.0002489083349020982,0.008081267084703248,0.0001895199114425039,0.47874570985776055,0.5212542901422395
166,0.0,0.13277796701824618,0.5495829507016785,0.06008898666878437,73.39457560952496,427.9434460639734,127.65927238551654,2.752037639925825,2.6476006485317107,2.2510212788637673,0.893833494638011,0.20416681591827918,120.83187663115503,0.5827435025775806,0.0021967203178426264,0.0002489083349020982,0.008081267084703248,0.0001895199114425039,0.13983419049710766,0.8601658095028923
167,0.0,0.13277796701824618,0.5495829507016785,0.06008898666878437,73.39457560952496,427.9434460639734,127.65927238551654,2.752037639925825,2.6476006485317107,2.2510212788637673,0.893833494638011,0.20416681591827918,120.83187663115503,0.5827435025775806,0.0021967203178426264,0.0002489083349020982,0.008081267084703248,0.0001895199114425039,1.3621336366735706,-0.36213363667357057
168,0.0,0.13277796701824618,0.5495829507016785,0.06008898666878437,73.39457560952496,427.9434460639734,127.65927238551654,2.752037639925825,2.6476006485317107,2.2510212788637673,0.893833494638011,0.20416681591827918,120.83187663115503,0.5827435025775806,0.0021967203178426264,0.0002489083349020982,0.008081267084703248,0.0001895199114425039,0.12507055638522357,0.8749294436147764
169,0.0,0.13277796701824618,0.5495829507016785,0.06008898666878437,73.39457560952496,427.9434460639734,127.65927238551654,2.752037639925825,2.6476006485317107,2.2510212788637673,0.893833494638011,0.20416681591827918,120.83187663115503,0.5827435025775806,0.0021967203178426264,0.0002489083349020982,0.008081267084703248,0.0001895199114425039,0.15771033572539772,0.8422896642746023
170,0.0,0.13902801228576106,0.6171627522698446,0.04328167372055525,71.12713922269478,616.7578181526394,126.63890611795165,2.6393446284705613,2.58854680856778,0.9058556331057019,0.0017510753216647412,0.14719841921124355,89.80917620680283,0.7494048704266544,0.00163844486491721,1.0657185355811283e-05,0.008091955724882138,0.00020543134813283404,0.11241191679807883,0.8875880832019212
171,0.0,0.13902801228576106,0.6171627522698446,0.04328167372055525,71.12713922269478,616.7578181526394,126.63890611795165,2.6393446284705613,2.58854680856778,0.9058556331057019,0.0017510753216647412,0.14719841921124355,89.80917620680283,0.7494048704266544,0.00163844486491721,1.0657185355811283e-05,0.008091955724882138,0.00020543134813283404,0.8441983074060682,0.15580169259393184
172,0.0,0.13902801228576106,0.6171627522698446,0.04328167372055525,71.12713922269478,616.7578181526394,126.63890611795165,2.6393446284705613,2.58854680856778,0.9058556331057019,0.0017510753216647412,0.14719841921124355,89.80917620680283,0.7494048704266544,0.00163844486491721,1.0657185355811283e-05,0.008091955724882138,0.00020543134813283404,0.11679310739265969,0.8832068926073403
173,0.0,0.11572374820549525,0.549426920882657,0.054779740050055814,83.80753827038738,608.1185886231377,135.32063933962888,2.7097981636600075,1.3547358931194804,1.6496428952605058,0.580983211715419,0.1926726374139805,84.14003553262562,0.2196052263637488,0.0017499831042750436,0.0006113301979598362,0.007921711353550132,4.0198789766410226e-05,0.4691653498028493,0.5308346501971507
174,0.0,0.11572374820549525,0.549426920882657,0.054779740050055814,83.80753827038738,608.1185886231377,135.32063933962888,2.7097981636600075,1.3547358931194804,1.6496428952605058,0.580983211715419,0.1926726374139805,84.14003553262562,0.2196052263637488,0.0017499831042750436,0.0006113301979598362,0.007921711353550132,4.0198789766410226e-05,1.5576486936929343,-0.5576486936929343
175,0.0,0.11572374820549525,0.549426920882657,0.054779740050055814,83.80753827038738,608.1185886231377,135.32063933962888,2.7097981636600075,1.3547358931194804,1.6496428952605058,0.580983211715419,0.1926726374139805,84.14003553262562,0.2196052263637488,0.0017499831042750436,0.0006113301979598362,0.007921711353550132,4.0198789766410226e-05,0.11846075318192861,0.8815392468180714
176,0.0,0.11572374820549525,0.549426920882657,0.054779740050055814,83.80753827038738,608.1185886231377,135.32063933962888,2.7097981636600075,1.3547358931194804,1.6496428952605058,0.580983211715419,0.1926726374139805,84.14003553262562,0.2196052263637488,0.0017499831042750436,0.0006113301979598362,0.007921711353550132,4.0198789766410226e-05,1.1006458774264247,-0.10064587742642472
177,0.0,0.11572374820549525,0.549426920882657,0.054779740050055814,83.80753827038738,608.1185886231377,135.32063933962888,2.7097981636600075,1.3547358931194804,1.6496428952605058,0.580983211715419,0.1926726374139805,84.14003553262562,0.2196052263637488,0.0017499831042750436,0.0006113301979598362,0.007921711353550132,4.0198789766410226e-05,1.2911433265641445,-0.29114332656414454
178,0.0,0.11572374820549525,0.549426920882657,0.054779740050055814,83.80753827038738,608.1185886231377,135.32063933962888,2.7097981636600075,1.3547358931194804,1.6496428952605058,0.580983211715419,0.1926726374139805,84.14003553262562,0.2196052263637488,0.0017499831042750436,0.0006113301979598362,0.007921711353550132,4.0198789766410226e-05,1.7436116488097073,-0.7436116488097073
179,0.0,0.09545620245349756,0.5839740433997148,0.04867825934264314,86.461624589358,627.3780905370978,139.14945741556915,2.97959395414397,1.1371779292785131,1.9152736725734343,0.9042857169259388,0.2979374984291528,43.88660068164744,0.2218582363720556,0.00033889435070993956,0.0006397436728532435,0.007768529995216489,6.909851947495271e-05,0.11524038143693915,0.8847596185630608
180,0.0,0.0980462328833091,0.5585645419959466,0.05425261577832874,78.91706440803783,532.8472917870124,130.54627634853068,3.1559082006040553,0.5326377912785247,2.464026346362644,0.9277102842720442,0.15783322102286512,98.14040285387054,0.10510615600929063,0.0005678241164042697,0.00042888893784026605,0.007986300482257791,0.0001381712178313843,9.5220576208142,-8.5220576208142
181,0.0,0.0980462328833091,0.5585645419959466,0.05425261577832874,78.91706440803783,532.8472917870124,130.54627634853068,3.1559082006040553,0.5326377912785247,2.464026346362644,0.9277102842720442,0.15783322102286512,98.14040285387054,0.10510615600929063,0.0005678241164042697,0.00042888893784026605,0.007986300482257791,0.0001381712178313843,0.12642514281370065,0.8735748571862993
182,0.0,0.0980462328833091,0.5585645419959466,0.05425261577832874,78.91706440803783,532.8472917870124,130.54627634853068,3.1559082006040553,0.5326377912785247,2.464026346362644,0.9277102842720442,0.15783322102286512,98.14040285387054,0.10510615600929063,0.0005678241164042697,0.00042888893784026605,0.007986300482257791,0.0001381712178313843,0.1450560052615879,0.8549439947384121
183,0.0,0.0980462328833091,0.5585645419959466,0.05425261577832874,78.91706440803783,532.8472917870124,130.54627634853068,3.1559082006040553,0.5326377912785247,2.464026346362644,0.9277102842720442,0.15783322102286512,98.14040285387054,0.10510615600929063,0.0005678241164042697,0.00042888893784026605,0.007986300482257791,0.0001381712178313843,0.7644898934733356,0.23551010652666438
184,0.0,0.12094495584592396,0.633624613748565,0.039238603542755435,80.05810149721137,473.90823506122183,134.49244756688267,2.9750991352051965,0.8503186117612707,0.7923666112696068,0.9028436763969526,0.19629115179282342,75.0398481419759,0.15928273761271527,0.00039690501227723773,0.00107387062826364,0.008400436526849686,0.00016864021642376548,4.070408399008822,-3.070408399008822
185,0.0,0.12094495584592396,0.633624613748565,0.039238603542755435,80.05810149721137,473.90823506122183,134.49244756688267,2.9750991352051965,0.8503186117612707,0.7923666112696068,0.9028436763969526,0.19629115179282342,75.0398481419759,0.15928273761271527,0.00039690501227723773,0.00107387062826364,0.008400436526849686,0.00016864021642376548,0.864963598699391,0.135036401300609
186,0.0,0.12094495584592396,0.633624613748565,0.039238603542755435,80.05810149721137,473.90823506122183,134.49244756688267,2.9750991352051965,0.8503186117612707,0.7923666112696068,0.9028436763969526,0.19629115179282342,75.0398481419759,0.15928273761271527,0.00039690501227723773,0.00107387062826364,0.008400436526849686,0.00016864021642376548,0.17624022825488161,0.8237597717451184
187,0.0,0.1489397481350364,0.6344154682415983,0.03673109427474586,94.56852537939639,432.9791999506367,148.8661302105798,2.6596529549176613,1.7280101544293451,0.739938575952884,0.7482406097412285,0.1852715745470368,60.57932218548472,0.14328878530349726,0.0004014444629902303,0.00014674740117259777,0.008535422528972159,2.4477551059942648e-05,0.10293664534419278,0.8970633546558072
188,0.0,0.1489397481350364,0.6344154682415983,0.03673109427474586,94.56852537939639,432.9791999506367,148.8661302105798,2.6596529549176613,1.7280101544293451,0.739938575952884,0.7482406097412285,0.1852715745470368,60.57932218548472,0.14328878530349726,0.0004014444629902303,0.00014674740117259777,0.008535422528972159,2.4477551059942648e-05,1.3206744643639567,-0.32067446436395675
189,0.0,0.1489397481350364,0.6344154682415983,0.03673109427474586,94.56852537939639,432.9791999506367,148.8661302105798,2.6596529549176613,1.7280101544293451,0.739938575952884,0.7482406097412285,0.1852715745470368,60.57932218548472,0.14328878530349726,0.0004014444629902303,0.00014674740117259777,0.008535422528972159,2.4477551059942648e-05,1.2410669593316808,-0.24106695933168076
190,0.0,0.1489397481350364,0.6344154682415983,0.03673109427474586,94.56852537939639,432.9791999506367,148.8661302105798,2.6596529549176613,1.7280101544293451,0.739938575952884,0.7482406097412285,0.1852715745470368,60.57932218548472,0.14328878530349726,0.0004014444629902303,0.00014674740117259777,0.008535422528972159,2.4477551059942648e-05,9.615711350055859,-8.615711350055859
191,0.0,0.1489397481350364,0.6344154682415983,0.03673109427474586,94.56852537939639,432.9791999506367,148.8661302105798,2.6596529549176613,1.7280101544293451,0.739938575952884,0.7482406097412285,0.1852715745470368,60.57932218548472,0.14328878530349726,0.0004014444629902303,0.00014674740117259777,0.008535422528972159,2.4477551059942648e-05,7.798896676863554,-6.798896676863554
192,0.0,0.0980462328833091,0.6321590469934274,0.03627393700294057,97.44637888151809,532.8472917870124,156.08433497013388,2.826804788008293,0.5326377912785247,1.3187598901030881,0.8632497109410859,0.17670075991359235,98.14040285387054,0.18823390824310915,0.0005678241164042697,0.0031721895936343003,0.008377439643987183,0.00010441540423800078,0.12284154474698317,0.8771584552530168
193,0.0,0.0980462328833091,0.6321590469934274,0.03627393700294057,97.44637888151809,532.8472917870124,156.08433497013388,2.826804788008293,0.5326377912785247,1.3187598901030881,0.8632497109410859,0.17670075991359235,98.14040285387054,0.18823390824310915,0.0005678241164042697,0.0031721895936343003,0.008377439643987183,0.00010441540423800078,1.273430677151326,-0.27343067715132596
194,0.0,0.0980462328833091,0.6321590469934274,0.03627393700294057,97.44637888151809,532.8472917870124,156.08433497013388,2.826804788008293,0.5326377912785247,1.3187598901030881,0.8632497109410859,0.17670075991359235,98.14040285387054,0.18823390824310915,0.0005678241164042697,0.0031721895936343003,0.008377439643987183,0.00010441540423800078,16.90668009655366,-15.90668009655366
